DROP TABLE IF EXISTS `nuke_legal_cfg`;
CREATE TABLE `nuke_legal_cfg` (`contact_email` varchar(255) NOT NULL default 'legal@MySite.com', `contact_subject` varchar(255) NOT NULL default 'Legal Notice Inquiry', `country` varchar(255) NOT NULL default 'United States of America') TYPE=MyISAM;
INSERT INTO `nuke_legal_cfg` VALUES('legal@MySite.com', 'Legal Notice Inquiry', 'United States of America');

DROP TABLE IF EXISTS `nuke_legal_docs`;
CREATE TABLE `nuke_legal_docs` (`did` int(11) NOT NULL auto_increment, `doc_name` varchar(32) NOT NULL, `doc_status` tinyint(4) NOT NULL default '0', PRIMARY KEY (`did`)) TYPE=MyISAM;
INSERT INTO `nuke_legal_docs` VALUES(1, 'notice', 1);
INSERT INTO `nuke_legal_docs` VALUES(2, 'privacy', 1);
INSERT INTO `nuke_legal_docs` VALUES(3, 'terms', 1);

DROP TABLE IF EXISTS `nuke_legal_text`;
CREATE TABLE `nuke_legal_text` (`tid` int(11) NOT NULL auto_increment, `doc_text` text NOT NULL, PRIMARY KEY (`tid`)) TYPE=MyISAM;
INSERT INTO `nuke_legal_text` VALUES(1, '<p>[sitename] authorizes you to view, download, and interact with materials, services, and forums on this website. Unless otherwise specified, the services and downloads provided by [sitename] are for your personal and or commercial use, provided that you retain all copyright and other proprietary notices contained in the original materials.</p>\r\n<p>The materials at [sitename] are copyrighted and any unauthorized use of these materials may violate copyrights and or trademarks of [country], headquarters of the owner of [sitename].</p>\r\n<p>These legal notices are for our protection and yours as well. Please read them carefully.</p>\r\n<p align="right">[date]</p>');
INSERT INTO `nuke_legal_text` VALUES(2, 'Legal Notice');
INSERT INTO `nuke_legal_text` VALUES(3, '<p style="TEXT-ALIGN: left" align="left"><span style="FONT-WEIGHT: bold">Introduction<br />\r\n<br />\r\n</span>The site editor takes your right to privacy seriously, and wants you to feel comfortable using [sitename]. This privacy policy deals with personally-identifiable information (referred to as &quot;data&quot; below) that may be collected by this site. This policy does not apply to other entities that are not owned or controlled by the site editor, nor to persons that are not employees or agents of the site editor, or that are not under the site editor''s control. Please take time to read this site''s <a href="modules.php?name=Legal&amp;op=terms">terms of use</a>.<br />\r\n<br />\r\n</p>\r\n<div align="left"></div>\r\n<div align="left"></div>\r\n<p style="TEXT-ALIGN: left" align="left"><span style="FONT-WEIGHT: bold">1. Collection of data<br />\r\n<br />\r\n</span>Registration of a user account on this site requires only a valid e-mail address and a user name that has not been used already. You are not required to provide any other information if do not want to. Please be aware that the user name you choose, the e-mail address you provide and other information you provide may render you personally identifiable, and may possibly be displayed on [sitename] intentionally (depending on choices you make during the registration process, or on the way in which the site is configured) or unintentionally (such as, but not limited to, subsequent to a successful act of intrusion by a third party). As on many web sites, the site editor may also automatically receive general information that is contained in server log files, such as your IP address, and cookie information. Information about how advertising may be served on this site (if it is the site editor''s policy to display advertising) is set forth below.<br />\r\n<br />\r\n</p>\r\n<div align="left"></div>\r\n<p style="TEXT-ALIGN: left" align="left"><span style="FONT-WEIGHT: bold">2. Use of data<br />\r\n<br />\r\n</span>Data may be used to customize and improve your user experience on this site. Efforts will be made to prevent your data being made available to third parties unless (ID 1033 0 1) provided for otherwise in this Privacy Policy; (ii) your consent is obtained, such as when you choose to opt-in or opt-out for the sharing of data; (iii) a service provided on our site requires interaction a third party with or is provided by a third party, such as an application service provider; (iv) pursuant to legal action or law enforcement; (v) it is found that your use of this site violates this policy, terms of service, or other usage guidelines, or if it is deemed reasonably necessary by the site editor to protect the site editor''s legal rights and or property; or (vi) this site is purchased by a third party, in which case that third party will be able to use the data in the same manner as set forth in this Policy. In the event you choose to use links that appear on [sitename] to visit other web sites, you are advised to read the privacy policies that appear on those sites.<br />\r\n<br />\r\n</p>\r\n<div align="left"></div>\r\n<p style="TEXT-ALIGN: left" align="left"><span style="FONT-WEIGHT: bold">3. Cookies<br />\r\n<br />\r\n</span>Like many web sites, [sitename] sets and uses cookies to enhance your user experience, such as retaining your personal settings. Advertisements may appear on [sitename] and, if so, may set and access cookies on your computer; such cookies are subject to the privacy policy of the parties providing the advertisement. However, the parties serving the advertising do not have access to this site''s cookies. These parties usually use non-personally-identifiable or anonymous codes to obtain information about your visits to this site. You can visit the <a href="http://www.networkadvertising.org/optout_nonppii.asp">Network Advertising Initiative</a> if you want to find out more information about this practice, and to learn about your options, including your options with regard to the following companies that may serve advertising on this site:<br />\r\n<br />\r\n[<a href="http://www.associateprograms.com/"> AssociatePrograms.com</a> ] [<a title="AdBrite" target="_blank" href="http://www.adbrite.com"> AdBrite</a> ] [ <a href="http://www.cj.com/">Commission Junction</a> ] [ <a href="http://www.doubleclick.net/">DoubleClick</a> ] [ <a href="http://www.linkshare.com/">Linkshare</a> ]<br />\r\n<br />\r\n</p>\r\n<div align="left"></div>\r\n<p style="TEXT-ALIGN: left" align="left"><span style="FONT-WEIGHT: bold">4. Minors<br />\r\n<br />\r\n</span>People aged thirteen or younger are not allowed to become registered users of this site. For more information, please contact <a href="modules.php?name=Legal&amp;op=contact">the webmaster</a>.<br />\r\n<br />\r\n</p>\r\n<div align="left"></div>\r\n<p style="TEXT-ALIGN: left" align="left"><span style="FONT-WEIGHT: bold">5. Editing or deleting your account information<br />\r\n<br />\r\n</span>This site provides you with the ability to edit the information in your user account that you provided to during the registration process, by visiting <a href="modules.php?name=Your_Account">your personal home page configuration page</a>. You may request deletion of your user account by contacting <a href="modules.php?name=Legal&amp;op=contact">the webmaster</a>. Content or other information that you may have provided, and that is not contained within your user account, such as posts that may appear within site forums, may continue to remain on the site at the site editor''s discretion, even though your user account is deleted. Please see the site''s <a href="modules.php?name=Legal&amp;op=terms">Terms of Use</a> for more information.<br />\r\n<br />\r\n</p>\r\n<div align="left"></div>\r\n<p style="TEXT-ALIGN: left" align="left"><span style="FONT-WEIGHT: bold">6. Changes to this privacy policy<br />\r\n<br />\r\n</span>Changes may be made to this policy from time to time. You will be notified of substantial changes to this policy either by through the posting of a prominent announcement on the site, and or by a message being sent to the e-mail address you have provided, which is contained in your user settings.<br />\r\n<br />\r\n</p>\r\n<div align="left"></div>\r\n<p style="TEXT-ALIGN: left" align="left"><span style="FONT-WEIGHT: bold">7. NO GUARANTEES<br />\r\n<br />\r\n</span>While this privacy policy states standards for maintenance of data, and while efforts will be made to meet the said standards, the site editor is not in a position to guarantee compliance with these standards. There may be factors beyond the site editor''s control that may result in disclosure of data. Consequently, the site editor offers no warranties or representations as regards maintenance or nondisclosure of data.<br />\r\n<br />\r\n</p>\r\n<div align="left"></div>\r\n<p style="TEXT-ALIGN: left" align="left"><span style="FONT-WEIGHT: bold">8. Contact information<br />\r\n<br />\r\n</span>If you have any questions about this policy or [sitename], please feel free to contact <a href="modules.php?name=Legal&amp;op=contact">the webmaster</a>.</p>\r\n<p align="right">[date]</p>');
INSERT INTO `nuke_legal_text` VALUES(4, 'Privacy Policy');
INSERT INTO `nuke_legal_text` VALUES(5, '<p style="text-align: left;"><span style="font-weight: bold;">1. Acceptance of terms of use and amendments<br />\r\n<br />\r\n</span>Each time you use or cause access to [sitename], you agree to be bound by these <a href="modules.php?name=Legal&amp;op=terms">terms of use</a>, as amended from time to time with or without notice to you. In addition, if you are using a particular service hosted on or accessed via [sitename], you will be subject to any rules or guidelines applicable to the said services, and they will be incorporated by reference within these <a href="modules.php?name=Legal&amp;op=terms">terms of use</a>. Please refer to this site''s <a href="modules.php?name=Legal&amp;op=privacy">privacy policy</a>, which is incorporated within these <a href="modules.php?name=Legal&amp;op=terms">terms of use</a> by reference.</p>\r\n<p style="text-align: left;"><span style="font-weight: bold;">2. The site editor''s service<br />\r\n<br />\r\n</span>This web site and services provided to you on and through [sitename] are provided on an &quot;AS IS&quot; basis.You agree that the site editor exclusively reserves the right to modify or discontinue provision of [sitename] and its services, and to delete the data you provide, either temporarily or permanently; the site and may, at any time and without notice and any liability to you, The site editor shall have no responsibility or liability for the timeliness, deletion, failure to store, inaccuracy, or improper delivery of any data or information.</p>\r\n<p style="text-align: left;"><span style="font-weight: bold;">3. Your responsibilities and registration obligations<br />\r\n<br />\r\n</span>In order to use [sitename] or certain parts of it, you may be required to <a href="modules.php?name=Your_Account&amp;op=new_user">register a user account</a> on this web site; in this case, you agree to provide truthful information when requested, and undertake that you are aged at least the thirteen (13) or more.&nbsp;&nbsp; In addition, you are required to register a unique user account to you and that is not shared.&nbsp; <span style="color:#ff0000;">Sharing of user accounts is expressly prohibited</span>.<br />\r\n</p>\r\n<p style="text-align: left;">By registering, you explicitly agree to this site''s <a href="modules.php?name=Legal&amp;op=terms">terms of use</a>, including any amendments made by the site editor from time to time and available here.</p>\r\n<p style="text-align: left;"><span style="font-weight: bold;">4. Privacy policy</span>.<br />\r\n</p>\r\n<p style="text-align: left;">Registration data and other personally-identifiable information that may be collected on this site is subject to the terms of the site''s <a href="modules.php?name=Legal&amp;op=privacy">privacy policy</a>.</p>\r\n<p style="text-align: left;"><span style="font-weight: bold;">5. Registration and password<br />\r\n<br />\r\n</span>You are responsible for maintaining the confidentiality of your password, and shall be responsible for all usage of your user account and or user name, whether authorized or unauthorized by you. You agree to immediately notify the site editor of any unauthorized use or your user account, user name or password.</p>\r\n<p style="text-align: left;"><span style="font-weight: bold;">6. Your conduct.<br />\r\n<br />\r\n</span>You agree that all information or data of any kind, whether text, software, code, music or sound, photographs or graphics, video or other materials (&quot;content&quot;), made available publicly or privately, shall be under the sole responsibility of the person providing the content or the person whose user account is used. You agree that [sitename] may expose you to content that may be objectionable or offensive. The site editor shall not be responsible to you in any way for the content that appears on [sitename], nor for any error or omission.</p>\r\n<p style="text-align: left;">By using [sitename] or any service provided, you explicitly agree that you shall not:<br />\r\n(a) provide any content or conduct yourself in any way that may be construed as: unlawful; illegal; threatening; harmful; abusive; harassing; stalking; tortuous; defamatory; libelous; vulgar; obscene; offensive; objectionable; pornographic; designed to interfere or interrupt [sitename] or any service provided, infected with a virus or other destructive or deleterious programming routine; giving rise to civil or criminal liability; or in violation of [country], applicable local, national or international law;<br />\r\n(b) impersonate or misrepresent your association with any person or entity; forge or otherwise seek to conceal or misrepresent the origin of any content provided by you;<br />\r\n(c) collect or harvest any data about other users;<br />\r\n(d) provide or use [sitename] for the provision of any content or service in any commercial manner, or in any manner that would involve junk mail, spam, chain letters, pyramid schemes, or any other form of unauthorized advertising, without the site editor''s prior written consent; <br />\r\n(e) provide any content that may give rise to civil or criminal liability of the site editor, or that may constitute or be considered a violation of [country], any local, national or international law, including -- but not limited to -- laws relating to copyright, trademark, patent, or trade secrets.</p>\r\n<p style="text-align: left;"><span style="font-weight: bold;">7. Submission of content on [sitename]<br />\r\n<br />\r\n</span>By providing any content to [sitename]:<br />\r\n(a) you agree to grant the site editor a worldwide, royalty-free, perpetual, non-exclusive right and license (including any moral rights or other necessary rights.) to use, display, reproduce, modify, adapt, publish, distribute, perform, promote, archive, translate, and to create derivative works and compilations, in whole or in part. Such license will apply with respect to any form, media, technology already known or developed subsequently;<br />\r\n(b) you warrant and represent that you have all legal, moral, and other rights that may be necessary to grant us the license specified in this section 7;<br />\r\n(c) you acknowledge and agree that the site editor shall have the right (but not obligation), at the site editor''s entire discretion, to refuse to publish, or to remove, or to block access to any content you provide, at any time and for any reason, with or without notice.</p>\r\n<p style="text-align: left;"><span style="font-weight: bold;">8. Third-party services<br />\r\n<br />\r\n</span>Goods and services of third parties may be advertised and or made available on or through [sitename]. Representations made regarding products and services provided by third parties are governed by the policies and representations made by these third parties. The site editor shall not be liable for or responsible in any manner for any of your dealings or interaction with third parties.</p>\r\n<p style="text-align: left;"><span style="font-weight: bold;">9. Indemnification<br />\r\n<br />\r\n</span>You agree to indemnify and hold harmless the site editor and the site editor''s subsidiaries, affiliates, related parties, officers, directors, employees, agents, independent contractors, advertisers, partners, and co-branders, from any claim or demand, including reasonable attorney''s fees, that may be made by any third party, due to or arising out of your conduct or connection with [sitename] or service, your provision of content, your violation of these <a href="modules.php?name=Legal&amp;op=terms">terms of use</a>, or any other violation of the rights of another person or party.</p>\r\n<p style="text-align: left;"><span style="font-weight: bold;">10. DISCLAIMER OF WARRANTIES<br />\r\n<br />\r\n</span>YOU UNDERSTAND AND AGREE THAT YOUR USE OF THIS WEB SITE AND ANY SERVICES OR CONTENT PROVIDED (THE &quot;SERVICE&quot;) IS MADE AVAILABLE AND PROVIDED TO YOU AT YOUR OWN RISK. IT IS PROVIDED TO YOU &quot;AS IS&quot; AND THE SITE EDITOR EXPRESSLY DISCLAIMS ALL WARRANTIES OF ANY KIND, EITHER IMPLIED OR EXPRESS, INCLUDING BUT NOT LIMITED TO THE WARRANTIES OF MERCHANTABILITY, FITNESS FOR A PARTICULAR PURPOSE, AND NON-INFRINGEMENT.&nbsp;</p>\r\n<p style="text-align: left;">THE SITE EDITOR MAKES NO WARRANTY, IMPLIED OR EXPRESS, THAT ANY PART OF THE SERVICE WILL BE UNINTERRUPTED, ERROR-FREE, VIRUS-FREE, TIMELY, SECURE, ACCURATE, RELIABLE, OR OF ANY QUALITY, NOR IS IT WARRANTED EITHER IMPLICITLY OR EXPRESSLY THAT ANY CONTENT IS SAFE IN ANY MANNER FOR DOWNLOAD. YOU UNDERSTAND AND AGREE THAT NEITHER THE SITE EDITOR NOR ANY PARTICIPANT IN THE SERVICE PROVIDES PROFESSIONAL ADVICE OF ANY KIND AND THAT USE OF ANY ADVICE OR ANY OTHER INFORMATION OBTAINED VIA THIS WEB SITE IS SOLELY AT YOUR OWN RISK, AND THAT THE SITE EDITOR MAY NOT BE HELD LIABLE IN ANY WAY. <br />\r\n</p>\r\n<p style="text-align: left;">Some jurisdictions may not allow disclaimers of implied warranties, and certain statements in the above disclaimer may not apply to you as regards implied warranties; the other terms and conditions remain enforceable notwithstanding.</p>\r\n<p style="text-align: left;"><span style="font-weight: bold;">11. LIMITATION OF LIABILITY<br />\r\n<br />\r\n</span>YOU EXPRESSLY UNDERSTAND AND AGREE THAT THE SITE EDTIOR SHALL NOT BE LIABLE FOR ANY DIRECT, INDIRECT, SPECIAL, INDICENTAL, CONSEQUENTIAL OR EXEMPLARY DAMAGES; THIS INCLUDES, BUT IS NOT LIMITED TO, DAMAGES FOR LOSS OF PROFITS, GOODWILL, USE, DATA OR OTHER INTANGIBLE LOSS (EVEN IF THE SITE EDITOR HAS BEEN ADVISED OF THE POSSIBILITY OF SUCH DAMAGES), RESULTING FROM OR ARISING OUT OF (I) THE USE OF OR THE INABILITY TO USE THE SERVICE, (II) THE COST OF OBTAINING SUBSTITUTE GOODS AND OR SERVICES RESULTING FROM ANY TRANSACTION ENTERED INTO ON THROUGH THE SERVICE, (III) UNAUTHORIZED ACCESS TO OR ALTERATION OF YOUR DATA TRANSMISSIONS, (IV) STATEMENTS BY ANY THIRD PARTY OR CONDUCT OF ANY THIRD PARTY USING THE SERVICE, OR (V) ANY OTHER MATTER RELATING TO THE SERVICE.</p>\r\n<p style="text-align: left;">In some jurisdictions, it is not permitted to limit liability and, therefore, such limitations may not apply to you.</p>\r\n<p style="text-align: left;"><span style="font-weight: bold;">12. Reservation of rights<br />\r\n<br />\r\n</span>The site editor reserves all of the site editor''s rights, including but not limited to any and all copyrights, trademarks, patents, trade secrets, and any other proprietary right that the site editor may have for [sitename], its content, and the goods and services that may be provided. The use of the site editor''s rights. and property requires the site editor''s prior written consent. By making services available to you, the site editor is not providing you with any implied or express licenses or rights, and you will have no rights. to make any commercial uses of [sitename] or service without the site editor''s prior written consent.</p>\r\n<p style="text-align: left;"><span style="font-weight: bold;">13. Notification of copyright infringement<br />\r\n<br />\r\n</span>If you believe that your property has been used in any way that would be considered a copyright infringement or a violation of your intellectual property rights, the site editor''s copyright agent may be contacted at the following address:<br />\r\n<br />\r\n<a href="modules.php?name=Legal&amp;op=contact">Click here to contact the webmaster</a><br />\r\n<br />\r\n<span style="font-weight: bold;">14. Applicable law<br />\r\n<br />\r\n</span>You agree that these <a href="modules.php?name=Legal&amp;op=terms">terms of use</a> and any dispute arising out of your use of [sitename] or the site editor''s products or services shall be governed by and construed in accordance with local laws in force of [country], headquarters of the owner of [sitename], without regard to its conflict of law provisions. By registering or using this web site and service, you consent and submit to the exclusive jurisdiction and venue of [country], headquarters of the owner of [sitename].&nbsp;</p>\r\n<p style="text-align: left;"><span style="font-weight: bold;">15. Miscellaneous information<br />\r\n<br />\r\n</span>(ID 1033 0 1) In the event that these <a href="modules.php?name=Legal&amp;op=terms">terms of use</a> conflict with any law under which any provision may be held invalid by a court with jurisdiction over the parties, such provision will be interpreted to reflect the original intentions of the parties in accordance with applicable law, and the remainder of these <a href="modules.php?name=Legal&amp;op=terms">terms of use</a> will remain valid and intact; (ii) The failure of either party to assert any right under these <a href="modules.php?name=Legal&amp;op=terms">terms of use</a> shall not be considered a waiver of that party''s right, and that right will remain in full force and effect; (iii) You agree that, without regard to any statute or contrary law, that any claim or cause arising out of [sitename] or its services must be filed within one (1) year after such claim or cause arose, or else the claim shall be forever barred; (iv) The site editor may assign the site editor''s rights and obligations under these <a href="modules.php?name=Legal&amp;op=terms">terms of use</a>; in this case, the site editor shall be relieved of any further obligation.</p>\r\n<p align="right">[country], [date]</p>');
INSERT INTO `nuke_legal_text` VALUES(6, 'Terms of Use');

DROP TABLE IF EXISTS `nuke_legal_text_map`;
CREATE TABLE `nuke_legal_text_map` (`mid` mediumint(9) NOT NULL, `did` int(11) NOT NULL, `tid` int(11) NOT NULL, `language` varchar(32) NOT NULL default 'english', UNIQUE KEY `mid` (`mid`,`did`,`tid`)) TYPE=MyISAM;
INSERT INTO `nuke_legal_text_map` VALUES(1, 1, 1, 'english');
INSERT INTO `nuke_legal_text_map` VALUES(2, 1, 2, 'english');
INSERT INTO `nuke_legal_text_map` VALUES(1, 2, 3, 'english');
INSERT INTO `nuke_legal_text_map` VALUES(2, 2, 4, 'english');
INSERT INTO `nuke_legal_text_map` VALUES(1, 3, 5, 'english');
INSERT INTO `nuke_legal_text_map` VALUES(2, 3, 6, 'english');
